{"cameraMode":{"drawMode":0,"name":"Shaded","section":"Shading Mode"},"sceneLighting":true,"audioPlay":false,"sceneViewState":{"m_AlwaysRefresh":false,"showFog":true,"showSkybox":true,"showFlares":true,"showImageEffects":true,"showParticleSystems":true,"showVisualEffectGraphs":true,"m_FxEnabled":true},"in2DMode":false,"pivot":{"x":-3.3360767364501955,"y":0.019916892051696779,"z":-0.21211814880371095},"rotation":{"x":0.06176719069480896,"y":-0.01016923412680626,"z":0.0006293260958045721,"w":0.998041033744812},"size":4.319016456604004,"orthographic":false}