{"cameraMode":{"drawMode":0,"name":"Shaded","section":"Shading Mode"},"sceneLighting":true,"audioPlay":false,"sceneViewState":{"m_AlwaysRefresh":false,"showFog":true,"showSkybox":true,"showFlares":true,"showImageEffects":true,"showParticleSystems":true,"showVisualEffectGraphs":true,"m_FxEnabled":true},"in2DMode":false,"pivot":{"x":-127.33688354492188,"y":-40.25758361816406,"z":155.83023071289063},"rotation":{"x":-0.1082625463604927,"y":0.30496320128440859,"z":-0.03491590544581413,"w":-0.9455501437187195},"size":122.89979553222656,"orthographic":false}